{
    "ND": 0.07518399574955703,
    "RMSE": 0.5043984632752525,
    "test_loss": 5.454500675201416
}